{
    "ambientocclusion": false,
    "textures": {
		"plant": "biomesoplenty:block/clover",
		"stem": "biomesoplenty:block/clover_stem",
        "particle": "#plant"
    },
    "elements": [
		{
			"from": [0, 7, 0],
			"to": [16, 7, 16],
			"faces": {
				"up": {"uv": [0, 0, 16, 16], "texture": "#plant", "tintindex": 0},
				"down": {"uv": [0, 0, 16, 16], "texture": "#plant", "rotation": 270, "tintindex": 0}
			}
		},
        {   "from": [ 0.8, 0, 8 ],
            "to": [ 15.2, 16, 8 ],
            "rotation": { "origin": [ 8, 8, 8 ], "axis": "y", "angle": 45, "rescale": true },
            "shade": false,
            "faces": {
                "north": { "uv": [ 0, 0, 16, 16 ], "texture": "#stem", "tintindex": 0 },
                "south": { "uv": [ 0, 0, 16, 16 ], "texture": "#stem", "tintindex": 0 }
            }
        },
        {   "from": [ 8, 0, 0.8 ],
            "to": [ 8, 16, 15.2 ],
            "rotation": { "origin": [ 8, 8, 8 ], "axis": "y", "angle": 45, "rescale": true },
            "shade": false,
            "faces": {
                "west": { "uv": [ 0, 0, 16, 16 ], "texture": "#stem", "tintindex": 0 },
                "east": { "uv": [ 0, 0, 16, 16 ], "texture": "#stem", "tintindex": 0 }
            }
        }
    ]
}
